Restaurant,Review
Imperfecto Restro Lounge,"Great ambience and music, food was delicious"
Imperfecto Restro Lounge,Nice place but a bit overpriced
Imperfecto Restro Lounge,Service was slow but food quality was good
Imperfecto Restro Lounge,"Loved the vibe, perfect for evening hangout"
Imperfecto Restro Lounge,"Average experience, expected more"
Grill and Chill Majhitar,Amazing grilled chicken and quick service
Grill and Chill Majhitar,Food was tasty but seating is limited
Grill and Chill Majhitar,Best place for snacks in Majhitar
Grill and Chill Majhitar,"Service was okay, food was good"
Grill and Chill Majhitar,Affordable and tasty food
Punjabi Kitchen,"Authentic Punjabi taste, loved the butter chicken"
Punjabi Kitchen,Too crowded but food is worth it
Punjabi Kitchen,Service is slow during rush hours
Punjabi Kitchen,Great quantity and reasonable price
Punjabi Kitchen,"Food was average, nothing special"
Coffee Break,Best coffee spot with great ambience
Coffee Break,Nice place to relax with friends
Coffee Break,Too noisy sometimes
Coffee Break,Loved the cold coffee and snacks
Coffee Break,Good vibe but service could improve
Flavour Of Spice,Delicious food and very clean place
Flavour Of Spice,"Amazing taste, highly recommended"
Flavour Of Spice,Small place but great quality food
Flavour Of Spice,Service was quick and friendly
Flavour Of Spice,One of the best in Majhitar
Rasoi Republic,Excellent homemade style food
Rasoi Republic,Very limited menu but tasty
Rasoi Republic,Loved the simplicity and taste
Rasoi Republic,Good for quick meals
Rasoi Republic,"Decent food, nothing extraordinary"
Relax Point Restaurant cum Bar,Great place to chill with friends
Relax Point Restaurant cum Bar,Nice drinks and food options
Relax Point Restaurant cum Bar,Music was too loud
Relax Point Restaurant cum Bar,Service was slow
Relax Point Restaurant cum Bar,Good ambience overall
BITE & BREW,Good snacks and beverages
BITE & BREW,Small place but cozy
BITE & BREW,Food was average
BITE & BREW,Nice place for quick bites
BITE & BREW,Service could be better
Down town Restro & Bar,Great nightlife experience
Down town Restro & Bar,Food was tasty and drinks were good
Down town Restro & Bar,Bit expensive but worth it
Down town Restro & Bar,Service was slow
Down town Restro & Bar,Loved the ambience
Tashi Shaa-Khang Chinese Restaurant,Authentic Chinese taste
Tashi Shaa-Khang Chinese Restaurant,Noodles were amazing
Tashi Shaa-Khang Chinese Restaurant,Portion size was good
Tashi Shaa-Khang Chinese Restaurant,Service was okay
Tashi Shaa-Khang Chinese Restaurant,Nice place for Chinese food
Biryani Kitchen Majhitar,Biryani was flavorful and tasty
Biryani Kitchen Majhitar,Too oily for my taste
Biryani Kitchen Majhitar,Good quantity and affordable
Biryani Kitchen Majhitar,Average taste
Biryani Kitchen Majhitar,Quick service and decent food
Brunch Cafe,Perfect place for brunch
Brunch Cafe,Loved the sandwiches and coffee
Brunch Cafe,Nice ambience
Brunch Cafe,Service was slow
Brunch Cafe,Good food but slightly expensive
Bliss N Taste,Tasty food and friendly staff
Bliss N Taste,Nice place for family
Bliss N Taste,Food was average
Bliss N Taste,Clean and hygienic
Bliss N Taste,Service needs improvement
River View,Best view of the Teesta river while having dinner.
River View,"The outdoor seating is amazing, very peaceful vibe."
River View,Food is good but you primarily go there for the location.
River View,"Service was a bit slow on Sunday, but the scenery makes up for it."
River View,Great place for a quiet evening near the water.
Oasis,"Very clean and hygienic place, perfect for students."
Oasis,Loved the variety of snacks and cold beverages.
Oasis,Quick service and very friendly staff.
Oasis,The interior is very modern and cozy.
Oasis,Affordable prices for the quality they provide.
Mana Cafe,"The best momos I have had in Majhitar, hands down."
Mana Cafe,"Small, intimate setting with very authentic local taste."
Mana Cafe,"Try their special tea, it is refreshing."
Mana Cafe,"Great hospitality, the owner is very kind."
Mana Cafe,Authentic flavors and very reasonable rates.
